{
  "dashboard_template": {
    "name": "OCI Cost Optimization Dashboard",
    "description": "Comprehensive OCI cost monitoring and optimization dashboard",
    "version": "1.0",
    "type": "oci_monitoring_dashboard",
    "layout": "grid",
    "refresh_interval": "15m",
    "time_range": "24h"
  },
  "widgets": [
    {
      "id": "universal_credits_overview",
      "title": "Universal Credits Overview",
      "type": "metric_card",
      "position": {"x": 0, "y": 0, "width": 6, "height": 4},
      "data_source": "oci_billing",
      "metrics": [
        {
          "name": "total_credits",
          "display_name": "Total Credits",
          "format": "currency",
          "color": "#1f77b4"
        },
        {
          "name": "used_credits", 
          "display_name": "Used Credits",
          "format": "currency",
          "color": "#ff7f0e"
        },
        {
          "name": "remaining_credits",
          "display_name": "Remaining Credits", 
          "format": "currency",
          "color": "#2ca02c"
        },
        {
          "name": "utilization_percentage",
          "display_name": "Utilization %",
          "format": "percentage",
          "color": "#d62728"
        }
      ],
      "thresholds": [
        {"value": 80, "color": "yellow", "condition": ">="},
        {"value": 95, "color": "red", "condition": ">="}
      ]
    },
    {
      "id": "monthly_cost_trend",
      "title": "Monthly Cost Trend",
      "type": "line_chart",
      "position": {"x": 6, "y": 0, "width": 6, "height": 4},
      "data_source": "oci_usage_api",
      "query": {
        "namespace": "oci_billing",
        "metric": "monthly_cost",
        "aggregation": "sum",
        "group_by": ["service", "compartment"],
        "time_range": "90d"
      },
      "chart_options": {
        "show_legend": true,
        "show_grid": true,
        "line_width": 2,
        "point_size": 4
      }
    },
    {
      "id": "top_spending_services",
      "title": "Top Spending Services",
      "type": "pie_chart",
      "position": {"x": 0, "y": 4, "width": 4, "height": 4},
      "data_source": "oci_usage_api",
      "query": {
        "namespace": "oci_billing",
        "metric": "service_cost",
        "aggregation": "sum",
        "group_by": ["service"],
        "time_range": "30d",
        "limit": 10
      },
      "chart_options": {
        "show_labels": true,
        "show_percentages": true,
        "color_scheme": "category10"
      }
    },
    {
      "id": "compartment_cost_breakdown",
      "title": "Compartment Cost Breakdown",
      "type": "bar_chart",
      "position": {"x": 4, "y": 4, "width": 4, "height": 4},
      "data_source": "oci_usage_api",
      "query": {
        "namespace": "oci_billing",
        "metric": "compartment_cost",
        "aggregation": "sum",
        "group_by": ["compartment"],
        "time_range": "30d"
      },
      "chart_options": {
        "orientation": "horizontal",
        "show_values": true,
        "color": "#1f77b4"
      }
    },
    {
      "id": "optimization_opportunities",
      "title": "Optimization Opportunities",
      "type": "table",
      "position": {"x": 8, "y": 4, "width": 4, "height": 4},
      "data_source": "oci_optimization",
      "columns": [
        {"name": "resource_type", "display_name": "Resource Type"},
        {"name": "opportunity", "display_name": "Opportunity"},
        {"name": "potential_savings", "display_name": "Potential Savings", "format": "currency"},
        {"name": "confidence", "display_name": "Confidence", "format": "percentage"}
      ],
      "sort_by": "potential_savings",
      "sort_order": "desc",
      "limit": 10
    },
    {
      "id": "flexible_shapes_utilization",
      "title": "Flexible Shapes Utilization",
      "type": "gauge",
      "position": {"x": 0, "y": 8, "width": 3, "height": 3},
      "data_source": "oci_compute",
      "metric": "flexible_shapes_percentage",
      "thresholds": [
        {"value": 50, "color": "red"},
        {"value": 70, "color": "yellow"},
        {"value": 90, "color": "green"}
      ],
      "target_value": 80
    },
    {
      "id": "preemptible_instances_usage",
      "title": "Preemptible Instances Usage",
      "type": "gauge", 
      "position": {"x": 3, "y": 8, "width": 3, "height": 3},
      "data_source": "oci_compute",
      "metric": "preemptible_instances_percentage",
      "thresholds": [
        {"value": 20, "color": "red"},
        {"value": 40, "color": "yellow"},
        {"value": 60, "color": "green"}
      ],
      "target_value": 50
    },
    {
      "id": "storage_tier_distribution",
      "title": "Storage Tier Distribution",
      "type": "donut_chart",
      "position": {"x": 6, "y": 8, "width": 3, "height": 3},
      "data_source": "oci_object_storage",
      "query": {
        "namespace": "oci_storage",
        "metric": "storage_by_tier",
        "aggregation": "sum",
        "group_by": ["storage_tier"],
        "time_range": "1d"
      },
      "chart_options": {
        "inner_radius": 0.4,
        "show_labels": true,
        "color_mapping": {
          "Standard": "#1f77b4",
          "InfrequentAccess": "#ff7f0e", 
          "Archive": "#2ca02c"
        }
      }
    },
    {
      "id": "autonomous_database_efficiency",
      "title": "Autonomous Database Efficiency",
      "type": "metric_card",
      "position": {"x": 9, "y": 8, "width": 3, "height": 3},
      "data_source": "oci_database",
      "metrics": [
        {
          "name": "auto_scaling_utilization",
          "display_name": "Auto-scaling Utilization",
          "format": "percentage",
          "color": "#1f77b4"
        },
        {
          "name": "cpu_efficiency",
          "display_name": "CPU Efficiency",
          "format": "percentage", 
          "color": "#ff7f0e"
        },
        {
          "name": "storage_efficiency",
          "display_name": "Storage Efficiency",
          "format": "percentage",
          "color": "#2ca02c"
        }
      ]
    },
    {
      "id": "cost_alerts_summary",
      "title": "Cost Alerts Summary",
      "type": "alert_list",
      "position": {"x": 0, "y": 11, "width": 6, "height": 4},
      "data_source": "oci_alerts",
      "alert_types": [
        "cost_anomaly",
        "budget_threshold",
        "optimization_opportunity",
        "compliance_violation"
      ],
      "severity_colors": {
        "high": "#d62728",
        "medium": "#ff7f0e",
        "low": "#2ca02c"
      },
      "max_alerts": 20
    },
    {
      "id": "governance_compliance",
      "title": "Governance Compliance",
      "type": "progress_bars",
      "position": {"x": 6, "y": 11, "width": 6, "height": 4},
      "data_source": "oci_governance",
      "metrics": [
        {
          "name": "tagging_compliance",
          "display_name": "Tagging Compliance",
          "target": 95,
          "color": "#1f77b4"
        },
        {
          "name": "policy_compliance",
          "display_name": "Policy Compliance", 
          "target": 90,
          "color": "#ff7f0e"
        },
        {
          "name": "budget_compliance",
          "display_name": "Budget Compliance",
          "target": 85,
          "color": "#2ca02c"
        },
        {
          "name": "security_compliance",
          "display_name": "Security Compliance",
          "target": 100,
          "color": "#d62728"
        }
      ]
    },
    {
      "id": "resource_utilization_heatmap",
      "title": "Resource Utilization Heatmap",
      "type": "heatmap",
      "position": {"x": 0, "y": 15, "width": 12, "height": 4},
      "data_source": "oci_monitoring",
      "query": {
        "namespace": "oci_computeagent",
        "metric": "CpuUtilization",
        "aggregation": "avg",
        "group_by": ["compartment", "instance_id"],
        "time_range": "7d"
      },
      "chart_options": {
        "color_scale": "RdYlGn",
        "show_values": false,
        "cell_size": "auto"
      }
    }
  ],
  "filters": [
    {
      "id": "compartment_filter",
      "type": "multi_select",
      "label": "Compartments",
      "data_source": "oci_identity",
      "query": "list_compartments",
      "default": "all"
    },
    {
      "id": "time_range_filter",
      "type": "time_range",
      "label": "Time Range",
      "options": [
        {"label": "Last 24 hours", "value": "24h"},
        {"label": "Last 7 days", "value": "7d"},
        {"label": "Last 30 days", "value": "30d"},
        {"label": "Last 90 days", "value": "90d"}
      ],
      "default": "24h"
    },
    {
      "id": "service_filter",
      "type": "multi_select",
      "label": "Services",
      "data_source": "oci_usage_api",
      "query": "list_services",
      "default": "all"
    }
  ],
  "data_sources": {
    "oci_billing": {
      "type": "oci_api",
      "service": "billing",
      "authentication": "oci_config",
      "refresh_interval": "1h"
    },
    "oci_usage_api": {
      "type": "oci_api",
      "service": "usage_api",
      "authentication": "oci_config",
      "refresh_interval": "15m"
    },
    "oci_compute": {
      "type": "oci_api",
      "service": "compute",
      "authentication": "oci_config",
      "refresh_interval": "5m"
    },
    "oci_object_storage": {
      "type": "oci_api",
      "service": "object_storage",
      "authentication": "oci_config",
      "refresh_interval": "1h"
    },
    "oci_database": {
      "type": "oci_api",
      "service": "database",
      "authentication": "oci_config",
      "refresh_interval": "15m"
    },
    "oci_monitoring": {
      "type": "oci_api",
      "service": "monitoring",
      "authentication": "oci_config",
      "refresh_interval": "5m"
    },
    "oci_identity": {
      "type": "oci_api",
      "service": "identity",
      "authentication": "oci_config",
      "refresh_interval": "1h"
    },
    "oci_optimization": {
      "type": "custom_api",
      "endpoint": "/api/optimization/recommendations",
      "authentication": "api_key",
      "refresh_interval": "1h"
    },
    "oci_alerts": {
      "type": "custom_api",
      "endpoint": "/api/alerts/active",
      "authentication": "api_key",
      "refresh_interval": "5m"
    },
    "oci_governance": {
      "type": "custom_api",
      "endpoint": "/api/governance/compliance",
      "authentication": "api_key",
      "refresh_interval": "1h"
    }
  },
  "alerts": {
    "universal_credits_high_utilization": {
      "condition": "universal_credits.utilization_percentage > 90",
      "severity": "high",
      "message": "Universal Credits utilization is above 90%",
      "actions": ["email", "slack"]
    },
    "cost_anomaly_detected": {
      "condition": "cost_variance > 20",
      "severity": "medium",
      "message": "Cost anomaly detected - spending is 20% above expected",
      "actions": ["email", "servicenow"]
    },
    "low_resource_utilization": {
      "condition": "avg_cpu_utilization < 30 AND observation_period > 7d",
      "severity": "low",
      "message": "Low resource utilization detected - optimization opportunity",
      "actions": ["email"]
    },
    "tagging_compliance_low": {
      "condition": "tagging_compliance < 90",
      "severity": "medium",
      "message": "Tagging compliance is below 90%",
      "actions": ["email", "servicenow"]
    }
  },
  "automation": {
    "auto_refresh": true,
    "export_schedule": {
      "daily_report": "0 8 * * *",
      "weekly_summary": "0 8 * * MON",
      "monthly_analysis": "0 8 1 * *"
    },
    "alert_escalation": {
      "high_severity_timeout": "15m",
      "medium_severity_timeout": "1h",
      "low_severity_timeout": "24h"
    }
  },
  "customization": {
    "theme": "light",
    "color_palette": "oci_default",
    "font_family": "Arial, sans-serif",
    "logo_url": "/images/company_logo.png",
    "custom_css": "",
    "branding": {
      "company_name": "Your Company",
      "dashboard_title": "OCI Cost Optimization Dashboard"
    }
  },
  "permissions": {
    "view_access": ["finops_team", "cloud_ops", "management"],
    "edit_access": ["finops_admin", "dashboard_admin"],
    "export_access": ["finops_team", "management"],
    "alert_management": ["finops_admin", "cloud_ops_lead"]
  }
}

