{
  "dashboard_template": {
    "displayName": "GCP Cost Optimization Dashboard",
    "mosaicLayout": {
      "tiles": [
        {
          "width": 6,
          "height": 4,
          "widget": {
            "title": "Total Daily Cost Trend",
            "xyChart": {
              "dataSets": [
                {
                  "timeSeriesQuery": {
                    "timeSeriesFilter": {
                      "filter": "resource.type=\"billing_account\"",
                      "aggregation": {
                        "alignmentPeriod": "86400s",
                        "perSeriesAligner": "ALIGN_SUM",
                        "crossSeriesReducer": "REDUCE_SUM"
                      }
                    }
                  },
                  "plotType": "LINE",
                  "targetAxis": "Y1"
                }
              ],
              "timeshiftDuration": "0s",
              "yAxis": {
                "label": "Cost (USD)",
                "scale": "LINEAR"
              }
            }
          }
        },
        {
          "width": 6,
          "height": 4,
          "widget": {
            "title": "Cost by Service (Top 10)",
            "pieChart": {
              "dataSets": [
                {
                  "timeSeriesQuery": {
                    "timeSeriesFilter": {
                      "filter": "resource.type=\"billing_account\"",
                      "aggregation": {
                        "alignmentPeriod": "86400s",
                        "perSeriesAligner": "ALIGN_SUM",
                        "crossSeriesReducer": "REDUCE_SUM",
                        "groupByFields": ["metric.label.service"]
                      }
                    }
                  }
                }
              ]
            }
          }
        },
        {
          "width": 4,
          "height": 3,
          "widget": {
            "title": "Monthly Budget Utilization",
            "scorecard": {
              "timeSeriesQuery": {
                "timeSeriesFilter": {
                  "filter": "resource.type=\"billing_account\"",
                  "aggregation": {
                    "alignmentPeriod": "2592000s",
                    "perSeriesAligner": "ALIGN_SUM",
                    "crossSeriesReducer": "REDUCE_SUM"
                  }
                }
              },
              "sparkChartView": {
                "sparkChartType": "SPARK_BAR"
              },
              "thresholds": [
                {
                  "value": 80,
                  "color": "YELLOW",
                  "direction": "ABOVE"
                },
                {
                  "value": 95,
                  "color": "RED",
                  "direction": "ABOVE"
                }
              ]
            }
          }
        },
        {
          "width": 4,
          "height": 3,
          "widget": {
            "title": "Sustained Use Discount Savings",
            "scorecard": {
              "timeSeriesQuery": {
                "timeSeriesFilter": {
                  "filter": "resource.type=\"gce_instance\" AND metric.type=\"compute.googleapis.com/instance/sustained_use_discount\"",
                  "aggregation": {
                    "alignmentPeriod": "86400s",
                    "perSeriesAligner": "ALIGN_SUM",
                    "crossSeriesReducer": "REDUCE_SUM"
                  }
                }
              },
              "sparkChartView": {
                "sparkChartType": "SPARK_LINE"
              }
            }
          }
        },
        {
          "width": 4,
          "height": 3,
          "widget": {
            "title": "Preemptible VM Savings",
            "scorecard": {
              "timeSeriesQuery": {
                "timeSeriesFilter": {
                  "filter": "resource.type=\"gce_instance\" AND metric.label.preemptible=\"true\"",
                  "aggregation": {
                    "alignmentPeriod": "86400s",
                    "perSeriesAligner": "ALIGN_SUM",
                    "crossSeriesReducer": "REDUCE_SUM"
                  }
                }
              },
              "sparkChartView": {
                "sparkChartType": "SPARK_BAR"
              }
            }
          }
        },
        {
          "width": 12,
          "height": 4,
          "widget": {
            "title": "Cost by Project",
            "xyChart": {
              "dataSets": [
                {
                  "timeSeriesQuery": {
                    "timeSeriesFilter": {
                      "filter": "resource.type=\"billing_account\"",
                      "aggregation": {
                        "alignmentPeriod": "86400s",
                        "perSeriesAligner": "ALIGN_SUM",
                        "crossSeriesReducer": "REDUCE_SUM",
                        "groupByFields": ["resource.label.project_id"]
                      }
                    }
                  },
                  "plotType": "STACKED_AREA",
                  "targetAxis": "Y1"
                }
              ],
              "timeshiftDuration": "0s",
              "yAxis": {
                "label": "Cost (USD)",
                "scale": "LINEAR"
              }
            }
          }
        },
        {
          "width": 6,
          "height": 4,
          "widget": {
            "title": "Compute Engine Utilization",
            "xyChart": {
              "dataSets": [
                {
                  "timeSeriesQuery": {
                    "timeSeriesFilter": {
                      "filter": "resource.type=\"gce_instance\" AND metric.type=\"compute.googleapis.com/instance/cpu/utilization\"",
                      "aggregation": {
                        "alignmentPeriod": "3600s",
                        "perSeriesAligner": "ALIGN_MEAN",
                        "crossSeriesReducer": "REDUCE_MEAN"
                      }
                    }
                  },
                  "plotType": "LINE",
                  "targetAxis": "Y1"
                }
              ],
              "timeshiftDuration": "0s",
              "yAxis": {
                "label": "CPU Utilization (%)",
                "scale": "LINEAR"
              },
              "thresholds": [
                {
                  "value": 20,
                  "color": "RED",
                  "direction": "BELOW",
                  "label": "Underutilized"
                },
                {
                  "value": 80,
                  "color": "YELLOW",
                  "direction": "ABOVE",
                  "label": "High Utilization"
                }
              ]
            }
          }
        },
        {
          "width": 6,
          "height": 4,
          "widget": {
            "title": "BigQuery Slot Utilization",
            "xyChart": {
              "dataSets": [
                {
                  "timeSeriesQuery": {
                    "timeSeriesFilter": {
                      "filter": "resource.type=\"bigquery_project\" AND metric.type=\"bigquery.googleapis.com/slots/allocated\"",
                      "aggregation": {
                        "alignmentPeriod": "3600s",
                        "perSeriesAligner": "ALIGN_MEAN",
                        "crossSeriesReducer": "REDUCE_SUM"
                      }
                    }
                  },
                  "plotType": "LINE",
                  "targetAxis": "Y1"
                }
              ],
              "timeshiftDuration": "0s",
              "yAxis": {
                "label": "Slots",
                "scale": "LINEAR"
              }
            }
          }
        },
        {
          "width": 6,
          "height": 4,
          "widget": {
            "title": "Storage Cost by Class",
            "pieChart": {
              "dataSets": [
                {
                  "timeSeriesQuery": {
                    "timeSeriesFilter": {
                      "filter": "resource.type=\"gcs_bucket\" AND metric.type=\"storage.googleapis.com/storage/total_bytes\"",
                      "aggregation": {
                        "alignmentPeriod": "86400s",
                        "perSeriesAligner": "ALIGN_MEAN",
                        "crossSeriesReducer": "REDUCE_SUM",
                        "groupByFields": ["metric.label.storage_class"]
                      }
                    }
                  }
                }
              ]
            }
          }
        },
        {
          "width": 6,
          "height": 4,
          "widget": {
            "title": "Network Egress Costs",
            "xyChart": {
              "dataSets": [
                {
                  "timeSeriesQuery": {
                    "timeSeriesFilter": {
                      "filter": "resource.type=\"gce_instance\" AND metric.type=\"compute.googleapis.com/instance/network/sent_bytes_count\"",
                      "aggregation": {
                        "alignmentPeriod": "3600s",
                        "perSeriesAligner": "ALIGN_RATE",
                        "crossSeriesReducer": "REDUCE_SUM"
                      }
                    }
                  },
                  "plotType": "LINE",
                  "targetAxis": "Y1"
                }
              ],
              "timeshiftDuration": "0s",
              "yAxis": {
                "label": "Bytes/sec",
                "scale": "LINEAR"
              }
            }
          }
        },
        {
          "width": 12,
          "height": 3,
          "widget": {
            "title": "Cost Optimization Opportunities",
            "text": {
              "content": "## Current Optimization Opportunities\n\n### Immediate Actions (0-7 days)\n- **Unused Resources**: 15 idle VMs detected (Est. savings: $2,400/month)\n- **Storage Optimization**: 500GB in Standard class, unused for 60+ days (Est. savings: $300/month)\n- **Oversized Instances**: 8 VMs with <20% CPU utilization (Est. savings: $1,800/month)\n\n### Short-term Actions (1-4 weeks)\n- **Preemptible VMs**: 25 development VMs suitable for preemptible (Est. savings: $3,600/month)\n- **Custom Machine Types**: 12 VMs using standard types, can optimize (Est. savings: $900/month)\n- **BigQuery Optimization**: Query optimization opportunities identified (Est. savings: $1,200/month)\n\n### Long-term Actions (1-3 months)\n- **Committed Use Discounts**: Eligible for 1-year commitments (Est. savings: $8,400/month)\n- **Architecture Optimization**: Serverless migration opportunities (Est. savings: $2,100/month)\n- **Data Lifecycle**: Implement comprehensive lifecycle policies (Est. savings: $1,500/month)\n\n**Total Potential Monthly Savings: $22,300**",
              "format": "MARKDOWN"
            }
          }
        }
      ]
    },
    "labels": {
      "team": "finops",
      "environment": "production",
      "purpose": "cost_optimization"
    }
  },
  "alert_policies": [
    {
      "displayName": "Daily Cost Anomaly Detection",
      "conditions": [
        {
          "displayName": "Daily cost increase > 25%",
          "conditionThreshold": {
            "filter": "resource.type=\"billing_account\"",
            "aggregations": [
              {
                "alignmentPeriod": "86400s",
                "perSeriesAligner": "ALIGN_SUM",
                "crossSeriesReducer": "REDUCE_SUM"
              }
            ],
            "comparison": "COMPARISON_GREATER_THAN",
            "thresholdValue": 1000,
            "duration": "300s"
          }
        }
      ],
      "alertStrategy": {
        "autoClose": "1800s"
      },
      "combiner": "OR",
      "enabled": true,
      "notificationChannels": []
    },
    {
      "displayName": "Budget Threshold Alert",
      "conditions": [
        {
          "displayName": "Monthly budget 80% threshold",
          "conditionThreshold": {
            "filter": "resource.type=\"billing_account\"",
            "aggregations": [
              {
                "alignmentPeriod": "2592000s",
                "perSeriesAligner": "ALIGN_SUM",
                "crossSeriesReducer": "REDUCE_SUM"
              }
            ],
            "comparison": "COMPARISON_GREATER_THAN",
            "thresholdValue": 16000,
            "duration": "300s"
          }
        }
      ],
      "alertStrategy": {
        "autoClose": "3600s"
      },
      "combiner": "OR",
      "enabled": true,
      "notificationChannels": []
    },
    {
      "displayName": "Underutilized Resources Alert",
      "conditions": [
        {
          "displayName": "VM CPU utilization < 20%",
          "conditionThreshold": {
            "filter": "resource.type=\"gce_instance\" AND metric.type=\"compute.googleapis.com/instance/cpu/utilization\"",
            "aggregations": [
              {
                "alignmentPeriod": "3600s",
                "perSeriesAligner": "ALIGN_MEAN",
                "crossSeriesReducer": "REDUCE_MEAN"
              }
            ],
            "comparison": "COMPARISON_LESS_THAN",
            "thresholdValue": 0.2,
            "duration": "7200s"
          }
        }
      ],
      "alertStrategy": {
        "autoClose": "86400s"
      },
      "combiner": "OR",
      "enabled": true,
      "notificationChannels": []
    }
  ],
  "notification_channels": [
    {
      "type": "email",
      "displayName": "FinOps Team Email",
      "description": "Email notifications for FinOps team",
      "labels": {
        "email_address": "finops@company.com"
      },
      "enabled": true
    },
    {
      "type": "slack",
      "displayName": "FinOps Slack Channel",
      "description": "Slack notifications for cost alerts",
      "labels": {
        "channel_name": "#finops-alerts",
        "url": "https://hooks.slack.com/services/YOUR/SLACK/WEBHOOK"
      },
      "enabled": true
    },
    {
      "type": "webhook",
      "displayName": "ServiceNow Integration",
      "description": "Webhook for ServiceNow ticket creation",
      "labels": {
        "url": "https://your-instance.service-now.com/api/now/table/incident"
      },
      "enabled": false
    }
  ],
  "custom_metrics": [
    {
      "type": "cost_per_customer",
      "displayName": "Cost per Customer",
      "description": "Calculate cost efficiency per customer",
      "unit": "USD",
      "metricKind": "GAUGE",
      "valueType": "DOUBLE"
    },
    {
      "type": "cost_per_transaction",
      "displayName": "Cost per Transaction",
      "description": "Calculate cost efficiency per transaction",
      "unit": "USD",
      "metricKind": "GAUGE",
      "valueType": "DOUBLE"
    },
    {
      "type": "optimization_score",
      "displayName": "Cost Optimization Score",
      "description": "Overall cost optimization effectiveness score",
      "unit": "1",
      "metricKind": "GAUGE",
      "valueType": "DOUBLE"
    }
  ],
  "dashboard_filters": [
    {
      "filterType": "RESOURCE_LABEL",
      "labelKey": "project_id",
      "stringValue": ""
    },
    {
      "filterType": "RESOURCE_LABEL",
      "labelKey": "zone",
      "stringValue": ""
    },
    {
      "filterType": "METRIC_LABEL",
      "labelKey": "service",
      "stringValue": ""
    }
  ],
  "time_range": {
    "start_time": "now-7d",
    "end_time": "now"
  },
  "refresh_interval": "15m",
  "auto_refresh": true
}

