{
  "name": "GCP-Cost-Governance-Policy",
  "displayName": "GCP Cost Governance and Optimization Policy",
  "description": "Comprehensive organizational policy for GCP cost control, resource governance, and optimization enforcement",
  "version": "1.0",
  "lastUpdated": "2024-01-01",
  "scope": "organization",
  "policies": {
    "compute_governance": {
      "vm_machine_type_restrictions": {
        "constraint": "constraints/compute.vmExternalIpAccess",
        "listPolicy": {
          "allowedValues": [
            "projects/*/zones/*/instances/*"
          ],
          "deniedValues": [
            "projects/*/zones/*/instances/*"
          ]
        },
        "booleanPolicy": {
          "enforced": true
        },
        "description": "Restrict VM machine types based on environment and cost thresholds"
      },
      "preemptible_vm_enforcement": {
        "constraint": "constraints/compute.requireOsLogin",
        "booleanPolicy": {
          "enforced": true
        },
        "description": "Enforce preemptible VMs for development and testing environments"
      },
      "sustained_use_optimization": {
        "constraint": "constraints/compute.restrictLoadBalancerCreationForTypes",
        "listPolicy": {
          "allowedValues": [
            "INTERNAL",
            "INTERNAL_MANAGED",
            "EXTERNAL_MANAGED"
          ]
        },
        "description": "Optimize for sustained use discounts through resource consolidation"
      }
    },
    "storage_governance": {
      "storage_class_enforcement": {
        "constraint": "constraints/storage.uniformBucketLevelAccess",
        "booleanPolicy": {
          "enforced": true
        },
        "description": "Enforce appropriate storage classes based on access patterns"
      },
      "lifecycle_policy_requirement": {
        "constraint": "constraints/storage.retentionPolicySeconds",
        "listPolicy": {
          "allowedValues": [
            "86400",
            "2592000",
            "7776000",
            "31536000"
          ]
        },
        "description": "Require lifecycle policies for all storage buckets"
      },
      "regional_storage_optimization": {
        "constraint": "constraints/storage.locationRestriction",
        "listPolicy": {
          "allowedValues": [
            "us-central1",
            "us-east1",
            "europe-west1",
            "asia-southeast1"
          ]
        },
        "description": "Restrict storage to cost-optimized regions"
      }
    },
    "bigquery_governance": {
      "query_cost_controls": {
        "constraint": "constraints/bigquery.disableQueryInsights",
        "booleanPolicy": {
          "enforced": false
        },
        "description": "Enable query insights for cost optimization"
      },
      "slot_reservation_policy": {
        "constraint": "constraints/bigquery.restrictCmekEnforcement",
        "booleanPolicy": {
          "enforced": true
        },
        "description": "Enforce slot reservations for predictable workloads"
      },
      "data_location_restriction": {
        "constraint": "constraints/bigquery.locationRestriction",
        "listPolicy": {
          "allowedValues": [
            "us-central1",
            "us-east1",
            "europe-west1"
          ]
        },
        "description": "Restrict BigQuery datasets to cost-optimized regions"
      }
    },
    "networking_governance": {
      "vpc_peering_restrictions": {
        "constraint": "constraints/compute.restrictVpcPeering",
        "listPolicy": {
          "allowedValues": [
            "under:organizations/ORGANIZATION_ID"
          ]
        },
        "description": "Restrict VPC peering to reduce data transfer costs"
      },
      "external_ip_restrictions": {
        "constraint": "constraints/compute.vmExternalIpAccess",
        "listPolicy": {
          "deniedValues": [
            "projects/*/zones/*/instances/*"
          ]
        },
        "description": "Minimize external IP usage to reduce networking costs"
      },
      "load_balancer_optimization": {
        "constraint": "constraints/compute.restrictLoadBalancerCreationForTypes",
        "listPolicy": {
          "allowedValues": [
            "INTERNAL_MANAGED",
            "EXTERNAL_MANAGED"
          ]
        },
        "description": "Optimize load balancer types for cost efficiency"
      }
    },
    "resource_management": {
      "resource_labeling_enforcement": {
        "constraint": "constraints/gcp.resourceLocations",
        "listPolicy": {
          "allowedValues": [
            "us-central1",
            "us-east1",
            "europe-west1"
          ]
        },
        "description": "Enforce resource labeling for cost allocation and tracking"
      },
      "project_creation_restrictions": {
        "constraint": "constraints/resourcemanager.projectCreation",
        "listPolicy": {
          "allowedValues": [
            "organizations/ORGANIZATION_ID/folders/FOLDER_ID"
          ]
        },
        "description": "Control project creation to maintain cost governance"
      },
      "resource_quotas_enforcement": {
        "constraint": "constraints/compute.disableGuestAttributesAccess",
        "booleanPolicy": {
          "enforced": true
        },
        "description": "Enforce resource quotas to prevent cost overruns"
      }
    },
    "iam_cost_controls": {
      "billing_account_access": {
        "constraint": "constraints/iam.allowedPolicyMemberDomains",
        "listPolicy": {
          "allowedValues": [
            "company.com"
          ]
        },
        "description": "Restrict billing account access to authorized domains"
      },
      "cost_management_roles": {
        "constraint": "constraints/iam.disableServiceAccountKeyCreation",
        "booleanPolicy": {
          "enforced": true
        },
        "description": "Control service account creation for cost management"
      },
      "resource_creation_approval": {
        "constraint": "constraints/iam.automaticIamGrantsForDefaultServiceAccounts",
        "booleanPolicy": {
          "enforced": false
        },
        "description": "Require approval for high-cost resource creation"
      }
    }
  },
  "cost_thresholds": {
    "project_level": {
      "development": {
        "monthly_budget": 1000,
        "alert_thresholds": [50, 80, 95],
        "auto_shutdown_threshold": 100
      },
      "testing": {
        "monthly_budget": 2000,
        "alert_thresholds": [50, 80, 95],
        "auto_shutdown_threshold": 110
      },
      "staging": {
        "monthly_budget": 5000,
        "alert_thresholds": [50, 80, 95],
        "auto_shutdown_threshold": 120
      },
      "production": {
        "monthly_budget": 20000,
        "alert_thresholds": [50, 80, 95],
        "auto_shutdown_threshold": false
      }
    },
    "resource_level": {
      "compute_instances": {
        "max_machine_type": {
          "development": "n2-standard-4",
          "testing": "n2-standard-8",
          "staging": "n2-standard-16",
          "production": "unlimited"
        },
        "preemptible_requirement": {
          "development": true,
          "testing": true,
          "staging": false,
          "production": false
        }
      },
      "storage_buckets": {
        "lifecycle_policy_required": true,
        "default_storage_class": "STANDARD",
        "auto_tier_transition": true
      },
      "bigquery_datasets": {
        "slot_reservation_threshold": 500,
        "query_cost_limit": 100,
        "auto_expiration_days": 90
      }
    }
  },
  "automation_rules": {
    "resource_lifecycle": {
      "auto_shutdown": {
        "enabled": true,
        "schedule": {
          "development": "0 18 * * 1-5",
          "testing": "0 20 * * 1-5"
        },
        "exclusions": [
          "production",
          "critical-staging"
        ]
      },
      "auto_cleanup": {
        "enabled": true,
        "orphaned_resources": {
          "persistent_disks": 7,
          "static_ips": 3,
          "load_balancers": 1
        },
        "unused_resources": {
          "detection_period_days": 30,
          "utilization_threshold": 5
        }
      },
      "auto_optimization": {
        "enabled": true,
        "rightsizing": {
          "cpu_threshold": 20,
          "memory_threshold": 30,
          "observation_period_days": 14
        },
        "storage_tiering": {
          "access_pattern_analysis": true,
          "auto_transition": true
        }
      }
    },
    "cost_controls": {
      "budget_enforcement": {
        "enabled": true,
        "hard_limits": {
          "development": true,
          "testing": true,
          "staging": false,
          "production": false
        },
        "approval_workflows": {
          "threshold_amount": 5000,
          "approvers": [
            "finops-team@company.com",
            "cloud-ops-lead@company.com"
          ]
        }
      },
      "anomaly_detection": {
        "enabled": true,
        "sensitivity": "medium",
        "alert_channels": [
          "email",
          "slack",
          "servicenow"
        ],
        "auto_investigation": true
      }
    }
  },
  "compliance_requirements": {
    "tagging_policy": {
      "required_tags": [
        "Environment",
        "Owner",
        "CostCenter",
        "Application",
        "Project",
        "BusinessUnit"
      ],
      "enforcement_level": "mandatory",
      "compliance_threshold": 95,
      "auto_tagging": {
        "enabled": true,
        "default_values": {
          "Environment": "unknown",
          "Owner": "unassigned"
        }
      }
    },
    "audit_requirements": {
      "cost_tracking": {
        "granularity": "resource_level",
        "retention_period_days": 2555,
        "export_format": "bigquery"
      },
      "change_tracking": {
        "enabled": true,
        "approval_required": true,
        "audit_trail": true
      }
    },
    "security_compliance": {
      "encryption_requirements": {
        "data_at_rest": true,
        "data_in_transit": true,
        "key_management": "customer_managed"
      },
      "access_controls": {
        "principle_of_least_privilege": true,
        "regular_access_reviews": true,
        "automated_deprovisioning": true
      }
    }
  },
  "monitoring_and_alerting": {
    "cost_monitoring": {
      "real_time_tracking": true,
      "anomaly_detection": true,
      "predictive_analytics": true,
      "dashboard_refresh_interval": "15m"
    },
    "alert_configurations": {
      "budget_alerts": {
        "thresholds": [50, 80, 95, 100],
        "notification_channels": [
          "email",
          "slack",
          "sms"
        ],
        "escalation_policy": {
          "level_1": "team_lead",
          "level_2": "department_manager",
          "level_3": "finance_director"
        }
      },
      "optimization_alerts": {
        "rightsizing_opportunities": true,
        "unused_resources": true,
        "commitment_recommendations": true,
        "storage_optimization": true
      }
    },
    "reporting": {
      "frequency": {
        "daily": ["cost_summary", "anomalies"],
        "weekly": ["optimization_opportunities", "compliance_status"],
        "monthly": ["executive_summary", "roi_analysis"]
      },
      "recipients": {
        "daily": ["finops-team@company.com"],
        "weekly": ["management@company.com"],
        "monthly": ["executives@company.com"]
      }
    }
  },
  "integration_settings": {
    "servicenow": {
      "enabled": false,
      "instance_url": "https://company.service-now.com",
      "integration_user": "gcp_integration",
      "ticket_assignment_group": "Cloud Operations",
      "auto_ticket_creation": {
        "cost_anomalies": true,
        "budget_overruns": true,
        "compliance_violations": true
      }
    },
    "slack": {
      "enabled": true,
      "webhook_url": "https://hooks.slack.com/services/...",
      "channels": {
        "alerts": "#finops-alerts",
        "reports": "#finops-reports",
        "general": "#cloud-ops"
      }
    },
    "email": {
      "enabled": true,
      "smtp_server": "smtp.company.com",
      "sender": "gcp-cost-alerts@company.com",
      "distribution_lists": {
        "finops": "finops-team@company.com",
        "management": "cloud-management@company.com",
        "executives": "executives@company.com"
      }
    }
  },
  "implementation_guidelines": {
    "rollout_strategy": {
      "phase_1": {
        "scope": "development_projects",
        "duration_weeks": 2,
        "success_criteria": "no_service_disruption"
      },
      "phase_2": {
        "scope": "testing_staging_projects",
        "duration_weeks": 4,
        "success_criteria": "cost_reduction_achieved"
      },
      "phase_3": {
        "scope": "production_projects",
        "duration_weeks": 8,
        "success_criteria": "full_compliance_achieved"
      }
    },
    "change_management": {
      "communication_plan": true,
      "training_requirements": true,
      "support_documentation": true,
      "rollback_procedures": true
    },
    "success_metrics": {
      "cost_reduction_target": "30-60%",
      "compliance_target": "95%",
      "automation_coverage": "80%",
      "user_satisfaction": "85%"
    }
  }
}

