{
  "name": "OCI-Cost-Governance-Policy",
  "description": "Comprehensive OCI cost governance policy for cost control and optimization",
  "version": "1.0",
  "statements": [
    {
      "sid": "RequiredTaggingPolicy",
      "description": "Enforce required tags on all OCI resources",
      "effect": "Allow",
      "principals": ["group:OCI-Users"],
      "actions": [
        "oci:*:create",
        "oci:*:update"
      ],
      "resources": ["*"],
      "conditions": {
        "StringEquals": {
          "oci:RequestedRegion": ["us-ashburn-1", "us-phoenix-1"],
          "oci:RequiredTags": [
            "Environment",
            "Owner", 
            "CostCenter",
            "Application",
            "Project"
          ]
        }
      }
    },
    {
      "sid": "ComputeShapeRestriction",
      "description": "Restrict expensive compute shapes in non-production environments",
      "effect": "Deny",
      "principals": ["group:Developers", "group:Test-Users"],
      "actions": [
        "oci:compute:instance:create",
        "oci:compute:instance:update"
      ],
      "resources": ["*"],
      "conditions": {
        "StringEquals": {
          "oci:ComputeShape": [
            "VM.Standard3.24",
            "VM.Standard.E4.24",
            "VM.DenseIO2.24",
            "VM.GPU3.4",
            "BM.Standard3.64"
          ]
        },
        "StringNotEquals": {
          "oci:Environment": "Production"
        }
      }
    },
    {
      "sid": "StorageLifecyclePolicy",
      "description": "Enforce storage lifecycle management policies",
      "effect": "Allow",
      "principals": ["group:OCI-Users"],
      "actions": [
        "oci:objectstorage:bucket:create",
        "oci:objectstorage:bucket:update"
      ],
      "resources": ["*"],
      "conditions": {
        "Bool": {
          "oci:LifecyclePolicyRequired": "true"
        }
      }
    },
    {
      "sid": "BudgetEnforcementPolicy",
      "description": "Enforce budget controls and spending limits",
      "effect": "Deny",
      "principals": ["*"],
      "actions": [
        "oci:*:create"
      ],
      "resources": ["*"],
      "conditions": {
        "NumericGreaterThan": {
          "oci:EstimatedMonthlyCost": "1000"
        },
        "StringNotEquals": {
          "oci:ApprovalStatus": "Approved"
        }
      }
    },
    {
      "sid": "CompartmentIsolationPolicy",
      "description": "Enforce compartment-based resource isolation",
      "effect": "Allow",
      "principals": ["group:OCI-Users"],
      "actions": ["*"],
      "resources": ["*"],
      "conditions": {
        "StringEquals": {
          "oci:CompartmentId": "${oci:user.compartment_id}"
        }
      }
    },
    {
      "sid": "PreemptibleInstancePolicy",
      "description": "Encourage use of preemptible instances for suitable workloads",
      "effect": "Allow",
      "principals": ["group:Developers"],
      "actions": [
        "oci:compute:instance:create"
      ],
      "resources": ["*"],
      "conditions": {
        "StringEquals": {
          "oci:Environment": ["Development", "Testing"],
          "oci:PreemptibleInstance": "true"
        }
      }
    },
    {
      "sid": "UniversalCreditsPolicy",
      "description": "Manage Universal Credits allocation and usage",
      "effect": "Allow",
      "principals": ["group:FinOps-Team"],
      "actions": [
        "oci:billing:credits:manage",
        "oci:billing:usage:read",
        "oci:billing:budget:*"
      ],
      "resources": ["*"]
    },
    {
      "sid": "CostOptimizationPolicy",
      "description": "Allow cost optimization automation actions",
      "effect": "Allow",
      "principals": ["group:Cost-Optimization-Service"],
      "actions": [
        "oci:compute:instance:update",
        "oci:compute:instance:stop",
        "oci:compute:instance:start",
        "oci:blockstorage:volume:update",
        "oci:objectstorage:object:delete",
        "oci:database:autonomousDatabase:update"
      ],
      "resources": ["*"],
      "conditions": {
        "StringEquals": {
          "oci:OptimizationApproved": "true"
        }
      }
    }
  ],
  "policy_metadata": {
    "created_by": "CloudCostChefs",
    "created_date": "2024-01-01",
    "last_updated": "2024-01-01",
    "version": "1.0",
    "oci_specific_features": [
      "Universal Credits management",
      "Flexible compute shapes",
      "Preemptible instances",
      "Object storage lifecycle",
      "Autonomous Database optimization"
    ]
  }
}

