{
  "oci_monitoring_config": {
    "tenancy_id": "ocid1.tenancy.oc1..your-tenancy-id",
    "compartment_id": "ocid1.compartment.oc1..your-compartment-id",
    "region": "us-ashburn-1",
    "monitoring_namespace": "oci_cost_optimization",
    "retention_days": 90,
    "collection_interval_minutes": 15
  },
  "cost_thresholds": {
    "daily_spend_alert": 500,
    "monthly_budget_percentage": [50, 80, 95],
    "cost_anomaly_threshold": 20,
    "utilization_threshold": 80,
    "waste_threshold": 100
  },
  "universal_credits": {
    "monthly_budget": 10000,
    "alert_thresholds": [50, 80, 95],
    "allocation_strategy": "dynamic",
    "optimization_target": 90,
    "credit_utilization_alerts": true
  },
  "flexible_shapes": {
    "optimization_enabled": true,
    "cpu_utilization_threshold": 70,
    "memory_utilization_threshold": 75,
    "minimum_observation_days": 7,
    "confidence_threshold": 0.8,
    "auto_optimization": false
  },
  "preemptible_instances": {
    "recommendation_enabled": true,
    "fault_tolerance_assessment": true,
    "workload_suitability_check": true,
    "minimum_savings_threshold": 30,
    "excluded_environments": ["production"]
  },
  "storage_optimization": {
    "object_storage_tiers": {
      "standard_to_ia_days": 30,
      "ia_to_archive_days": 365,
      "lifecycle_policy_enforcement": true,
      "access_pattern_analysis": true
    },
    "block_volume_optimization": {
      "performance_tier_analysis": true,
      "utilization_threshold": 60,
      "auto_tier_adjustment": false
    }
  },
  "autonomous_database": {
    "auto_scaling_optimization": true,
    "cpu_utilization_threshold": 75,
    "storage_utilization_threshold": 80,
    "backup_optimization": true,
    "performance_insights_enabled": true
  },
  "governance_policies": {
    "tagging_enforcement": {
      "required_tags": [
        "Environment",
        "Owner",
        "CostCenter", 
        "Application",
        "Project"
      ],
      "compliance_threshold": 95,
      "auto_tagging_enabled": true
    },
    "resource_quotas": {
      "compute_shape_restrictions": {
        "development": ["VM.Standard3.1", "VM.Standard3.2", "VM.Standard3.4"],
        "testing": ["VM.Standard3.1", "VM.Standard3.2", "VM.Standard3.4", "VM.Standard3.8"],
        "production": ["*"]
      },
      "budget_enforcement": true,
      "approval_workflows": {
        "high_cost_resources": 1000,
        "expensive_shapes": ["VM.Standard3.24", "BM.Standard3.64"]
      }
    }
  },
  "monitoring_dashboards": {
    "executive_dashboard": {
      "enabled": true,
      "refresh_interval_minutes": 60,
      "metrics": [
        "total_monthly_spend",
        "universal_credits_utilization",
        "cost_optimization_savings",
        "resource_utilization",
        "governance_compliance"
      ]
    },
    "operational_dashboard": {
      "enabled": true,
      "refresh_interval_minutes": 15,
      "metrics": [
        "real_time_costs",
        "resource_utilization",
        "optimization_opportunities",
        "alert_status",
        "automation_status"
      ]
    },
    "compliance_dashboard": {
      "enabled": true,
      "refresh_interval_minutes": 30,
      "metrics": [
        "tagging_compliance",
        "policy_compliance",
        "budget_compliance",
        "security_compliance"
      ]
    }
  },
  "alerting": {
    "email_notifications": {
      "enabled": true,
      "recipients": [
        "finops@company.com",
        "cloud-ops@company.com"
      ],
      "alert_types": [
        "cost_anomaly",
        "budget_threshold",
        "optimization_opportunity",
        "compliance_violation"
      ]
    },
    "slack_integration": {
      "enabled": false,
      "webhook_url": "https://hooks.slack.com/services/...",
      "channel": "#finops-alerts",
      "alert_types": [
        "high_priority_alerts",
        "daily_summary"
      ]
    },
    "servicenow_integration": {
      "enabled": false,
      "instance_url": "https://your-instance.service-now.com",
      "username": "integration_user",
      "password": "secure_password",
      "table_name": "incident",
      "assignment_group": "Cloud Operations",
      "auto_ticket_creation": true,
      "ticket_types": [
        "cost_anomaly",
        "compliance_violation",
        "optimization_opportunity"
      ]
    }
  },
  "automation": {
    "schedule": {
      "cost_monitoring": "*/15 * * * *",
      "optimization_analysis": "0 2 * * *",
      "compliance_check": "0 6 * * *",
      "reporting": "0 8 * * MON"
    },
    "auto_remediation": {
      "enabled": false,
      "approval_required": true,
      "actions": [
        "stop_unused_instances",
        "optimize_storage_tiers",
        "adjust_flexible_shapes",
        "cleanup_orphaned_resources"
      ],
      "safety_checks": true,
      "rollback_capability": true
    }
  },
  "reporting": {
    "daily_reports": {
      "enabled": true,
      "recipients": ["finops@company.com"],
      "include_sections": [
        "cost_summary",
        "optimization_opportunities",
        "universal_credits_status",
        "top_spending_resources"
      ]
    },
    "weekly_reports": {
      "enabled": true,
      "recipients": ["management@company.com"],
      "include_sections": [
        "cost_trends",
        "optimization_savings",
        "governance_compliance",
        "recommendations"
      ]
    },
    "monthly_reports": {
      "enabled": true,
      "recipients": ["executives@company.com"],
      "include_sections": [
        "executive_summary",
        "cost_optimization_roi",
        "strategic_recommendations",
        "budget_variance_analysis"
      ]
    }
  },
  "data_retention": {
    "metrics_retention_days": 90,
    "logs_retention_days": 30,
    "reports_retention_days": 365,
    "audit_trail_retention_days": 2555
  },
  "security": {
    "encryption_at_rest": true,
    "encryption_in_transit": true,
    "access_logging": true,
    "audit_trail": true,
    "role_based_access": true,
    "api_key_rotation_days": 90
  },
  "performance": {
    "parallel_processing": true,
    "max_concurrent_requests": 10,
    "request_timeout_seconds": 30,
    "retry_attempts": 3,
    "cache_enabled": true,
    "cache_ttl_minutes": 15
  },
  "multi_cloud_integration": {
    "enabled": false,
    "supported_providers": ["aws", "azure", "gcp"],
    "unified_reporting": true,
    "cross_cloud_optimization": true
  }
}

