{
  "thresholds": {
    "daily_spend_increase": 20.0,
    "monthly_budget_percentage": 80.0,
    "cpu_utilization_threshold": 20.0,
    "memory_utilization_threshold": 30.0,
    "storage_utilization_threshold": 70.0,
    "cost_anomaly_threshold": 15.0
  },
  "notifications": {
    "email": "finops@company.com",
    "slack_webhook": "https://hooks.slack.com/services/YOUR/SLACK/WEBHOOK",
    "servicenow_enabled": true,
    "teams_webhook": ""
  },
  "servicenow": {
    "instance_url": "https://your-instance.service-now.com",
    "username": "integration_user",
    "password": "secure_password",
    "table_name": "incident",
    "assignment_group": "Cloud Operations",
    "category": "Cloud Services",
    "subcategory": "Cost Management"
  },
  "optimization": {
    "auto_rightsizing": false,
    "auto_cleanup": true,
    "auto_shutdown": true,
    "auto_tagging": true,
    "reserved_instance_recommendations": true
  },
  "monitoring": {
    "cost_analysis_days": 30,
    "metrics_retention_days": 90,
    "anomaly_detection_sensitivity": "medium",
    "baseline_calculation_days": 21
  },
  "reporting": {
    "daily_reports": true,
    "weekly_reports": true,
    "monthly_reports": true,
    "executive_dashboard": true,
    "cost_allocation_reports": true
  },
  "azure": {
    "preferred_regions": [
      "East US",
      "East US 2",
      "West US 2",
      "Central US"
    ],
    "excluded_resource_types": [
      "Microsoft.Security/assessments",
      "Microsoft.Security/complianceResults"
    ],
    "cost_centers": [
      "IT Operations",
      "Development",
      "Marketing",
      "Sales",
      "Finance"
    ]
  },
  "automation": {
    "schedule": "daily",
    "timezone": "UTC",
    "max_concurrent_operations": 5,
    "retry_attempts": 3,
    "retry_delay_seconds": 30
  },
  "logging": {
    "level": "INFO",
    "file_path": "logs/azure_cost_monitor.log",
    "max_file_size_mb": 10,
    "backup_count": 5,
    "format": "%(asctime)s - %(name)s - %(levelname)s - %(message)s"
  }
}

