{
  "properties": {
    "displayName": "Azure Cost Governance Policy - Required Tags",
    "policyType": "Custom",
    "mode": "Indexed",
    "description": "Enforces required tags for cost allocation and governance on all Azure resources",
    "metadata": {
      "category": "Cost Management",
      "version": "1.0.0",
      "source": "CloudCostChefs"
    },
    "parameters": {
      "requiredTags": {
        "type": "Object",
        "metadata": {
          "displayName": "Required Tags",
          "description": "Object containing required tag names and their allowed values"
        },
        "defaultValue": {
          "Environment": ["Production", "Development", "Testing", "Staging"],
          "Owner": [],
          "CostCenter": [],
          "Application": []
        }
      },
      "effect": {
        "type": "String",
        "metadata": {
          "displayName": "Effect",
          "description": "The effect determines what happens when the policy rule is evaluated to match"
        },
        "allowedValues": [
          "Audit",
          "Deny",
          "Disabled"
        ],
        "defaultValue": "Audit"
      }
    },
    "policyRule": {
      "if": {
        "anyOf": [
          {
            "not": {
              "field": "tags['Environment']",
              "exists": "true"
            }
          },
          {
            "not": {
              "field": "tags['Owner']",
              "exists": "true"
            }
          },
          {
            "not": {
              "field": "tags['CostCenter']",
              "exists": "true"
            }
          },
          {
            "not": {
              "field": "tags['Application']",
              "exists": "true"
            }
          },
          {
            "allOf": [
              {
                "field": "tags['Environment']",
                "exists": "true"
              },
              {
                "not": {
                  "field": "tags['Environment']",
                  "in": "[parameters('requiredTags').Environment]"
                }
              },
              {
                "greater": "[length(parameters('requiredTags').Environment)]",
                "value": 0
              }
            ]
          }
        ]
      },
      "then": {
        "effect": "[parameters('effect')]"
      }
    }
  }
}

