{
  "properties": {
    "displayName": "VM SKU Restriction Policy - Cost Control",
    "policyType": "Custom",
    "mode": "Indexed",
    "description": "Restricts expensive VM SKUs in non-production environments to control costs",
    "metadata": {
      "category": "Cost Management",
      "version": "1.0.0",
      "source": "CloudCostChefs"
    },
    "parameters": {
      "allowedVMSKUs": {
        "type": "Array",
        "metadata": {
          "displayName": "Allowed VM SKUs",
          "description": "List of allowed VM SKUs for non-production environments"
        },
        "defaultValue": [
          "Standard_B1s",
          "Standard_B1ms",
          "Standard_B2s",
          "Standard_B2ms",
          "Standard_B4ms",
          "Standard_D2s_v3",
          "Standard_D4s_v3",
          "Standard_D2s_v4",
          "Standard_D4s_v4",
          "Standard_D2s_v5",
          "Standard_D4s_v5"
        ]
      },
      "excludedEnvironments": {
        "type": "Array",
        "metadata": {
          "displayName": "Excluded Environments",
          "description": "Environments excluded from this policy (e.g., Production)"
        },
        "defaultValue": [
          "Production",
          "Prod"
        ]
      },
      "effect": {
        "type": "String",
        "metadata": {
          "displayName": "Effect",
          "description": "The effect determines what happens when the policy rule is evaluated to match"
        },
        "allowedValues": [
          "Audit",
          "Deny",
          "Disabled"
        ],
        "defaultValue": "Deny"
      }
    },
    "policyRule": {
      "if": {
        "allOf": [
          {
            "field": "type",
            "equals": "Microsoft.Compute/virtualMachines"
          },
          {
            "not": {
              "field": "Microsoft.Compute/virtualMachines/sku.name",
              "in": "[parameters('allowedVMSKUs')]"
            }
          },
          {
            "anyOf": [
              {
                "not": {
                  "field": "tags['Environment']",
                  "exists": "true"
                }
              },
              {
                "not": {
                  "field": "tags['Environment']",
                  "in": "[parameters('excludedEnvironments')]"
                }
              }
            ]
          }
        ]
      },
      "then": {
        "effect": "[parameters('effect')]"
      }
    }
  }
}

