{
  "version": "Notebook/1.0",
  "items": [
    {
      "type": 1,
      "content": {
        "json": "# Azure Cost Optimization Dashboard\n## Real-time cost monitoring and optimization insights\n\nThis dashboard provides comprehensive visibility into Azure costs, utilization, and optimization opportunities."
      },
      "name": "text - 0"
    },
    {
      "type": 3,
      "content": {
        "version": "KqlItem/1.0",
        "query": "Usage\n| where TimeGenerated >= ago(30d)\n| where DataType == \"AzureMetrics\"\n| summarize TotalCost = sum(Quantity * UnitPrice) by bin(TimeGenerated, 1d)\n| sort by TimeGenerated asc\n| render timechart",
        "size": 0,
        "title": "Daily Cost Trend (Last 30 Days)",
        "timeContext": {
          "durationMs": 2592000000
        },
        "queryType": 0,
        "resourceType": "microsoft.operationalinsights/workspaces"
      },
      "customWidth": "50",
      "name": "query - 1"
    },
    {
      "type": 3,
      "content": {
        "version": "KqlItem/1.0",
        "query": "AzureActivity\n| where TimeGenerated >= ago(30d)\n| where CategoryValue == \"Administrative\"\n| summarize CostImpact = count() by ResourceGroup\n| top 10 by CostImpact desc\n| render piechart",
        "size": 0,
        "title": "Top Cost-Contributing Resource Groups",
        "timeContext": {
          "durationMs": 2592000000
        },
        "queryType": 0,
        "resourceType": "microsoft.operationalinsights/workspaces"
      },
      "customWidth": "50",
      "name": "query - 2"
    },
    {
      "type": 3,
      "content": {
        "version": "KqlItem/1.0",
        "query": "Perf\n| where TimeGenerated >= ago(7d)\n| where ObjectName == \"Processor\" and CounterName == \"% Processor Time\"\n| summarize AvgCPU = avg(CounterValue) by Computer\n| where AvgCPU < 20\n| project Computer, AvgCPU, OptimizationOpportunity = \"Underutilized - Consider Rightsizing\"\n| sort by AvgCPU asc",
        "size": 0,
        "title": "Underutilized Virtual Machines (CPU < 20%)",
        "timeContext": {
          "durationMs": 604800000
        },
        "queryType": 0,
        "resourceType": "microsoft.operationalinsights/workspaces"
      },
      "customWidth": "100",
      "name": "query - 3"
    },
    {
      "type": 3,
      "content": {
        "version": "KqlItem/1.0",
        "query": "AzureMetrics\n| where TimeGenerated >= ago(24h)\n| where MetricName == \"UsedCapacity\"\n| summarize AvgUsedCapacity = avg(Average) by ResourceId\n| extend StorageAccount = split(ResourceId, \"/\")[8]\n| where AvgUsedCapacity < 1073741824  // Less than 1GB\n| project StorageAccount, UsedCapacityGB = AvgUsedCapacity / 1073741824, Recommendation = \"Consider deletion or archival\"\n| sort by UsedCapacityGB asc",
        "size": 0,
        "title": "Low-Usage Storage Accounts",
        "timeContext": {
          "durationMs": 86400000
        },
        "queryType": 0,
        "resourceType": "microsoft.operationalinsights/workspaces"
      },
      "customWidth": "50",
      "name": "query - 4"
    },
    {
      "type": 3,
      "content": {
        "version": "KqlItem/1.0",
        "query": "AzureActivity\n| where TimeGenerated >= ago(30d)\n| where OperationNameValue contains \"Microsoft.Compute/virtualMachines\"\n| where ActivityStatusValue == \"Success\"\n| summarize VMOperations = count() by ResourceGroup, OperationNameValue\n| where OperationNameValue contains \"deallocate\" or OperationNameValue contains \"start\"\n| project ResourceGroup, Operation = case(\n    OperationNameValue contains \"deallocate\", \"Stopped\",\n    OperationNameValue contains \"start\", \"Started\",\n    \"Other\"\n), Count = VMOperations\n| summarize StoppedVMs = sumif(Count, Operation == \"Stopped\"), StartedVMs = sumif(Count, Operation == \"Started\") by ResourceGroup\n| extend UtilizationRatio = todouble(StartedVMs) / todouble(StoppedVMs + StartedVMs)\n| project ResourceGroup, UtilizationRatio, Recommendation = case(\n    UtilizationRatio < 0.3, \"High shutdown frequency - Consider auto-shutdown policies\",\n    UtilizationRatio > 0.8, \"High utilization - Monitor for optimization\",\n    \"Normal usage pattern\"\n)\n| sort by UtilizationRatio asc",
        "size": 0,
        "title": "VM Utilization Patterns",
        "timeContext": {
          "durationMs": 2592000000
        },
        "queryType": 0,
        "resourceType": "microsoft.operationalinsights/workspaces"
      },
      "customWidth": "50",
      "name": "query - 5"
    },
    {
      "type": 3,
      "content": {
        "version": "KqlItem/1.0",
        "query": "AzureActivity\n| where TimeGenerated >= ago(30d)\n| extend TagsJson = parse_json(Properties)\n| extend Environment = tostring(TagsJson.tags.Environment)\n| extend Owner = tostring(TagsJson.tags.Owner)\n| extend CostCenter = tostring(TagsJson.tags.CostCenter)\n| extend Application = tostring(TagsJson.tags.Application)\n| where isempty(Environment) or isempty(Owner) or isempty(CostCenter) or isempty(Application)\n| summarize UntaggedResources = dcount(ResourceId) by ResourceGroup\n| project ResourceGroup, UntaggedResources, ComplianceIssue = \"Missing required tags\"\n| sort by UntaggedResources desc",
        "size": 0,
        "title": "Tagging Compliance Issues",
        "timeContext": {
          "durationMs": 2592000000
        },
        "queryType": 0,
        "resourceType": "microsoft.operationalinsights/workspaces"
      },
      "customWidth": "100",
      "name": "query - 6"
    },
    {
      "type": 3,
      "content": {
        "version": "KqlItem/1.0",
        "query": "let baseline = Usage\n| where TimeGenerated >= ago(60d) and TimeGenerated < ago(30d)\n| where DataType == \"AzureMetrics\"\n| summarize BaselineCost = avg(Quantity * UnitPrice);\nlet recent = Usage\n| where TimeGenerated >= ago(30d)\n| where DataType == \"AzureMetrics\"\n| summarize RecentCost = avg(Quantity * UnitPrice);\nbaseline\n| extend RecentCost = toscalar(recent)\n| extend CostChange = ((RecentCost - BaselineCost) / BaselineCost) * 100\n| extend Trend = case(\n    CostChange > 20, \"⬆️ Significant Increase\",\n    CostChange > 5, \"↗️ Moderate Increase\", \n    CostChange < -20, \"⬇️ Significant Decrease\",\n    CostChange < -5, \"↘️ Moderate Decrease\",\n    \"➡️ Stable\"\n)\n| project BaselineCost, RecentCost, CostChangePercent = round(CostChange, 2), Trend",
        "size": 0,
        "title": "Cost Trend Analysis",
        "timeContext": {
          "durationMs": 5184000000
        },
        "queryType": 0,
        "resourceType": "microsoft.operationalinsights/workspaces"
      },
      "customWidth": "50",
      "name": "query - 7"
    },
    {
      "type": 3,
      "content": {
        "version": "KqlItem/1.0",
        "query": "// Optimization Opportunities Summary\nlet underutilizedVMs = Perf\n| where TimeGenerated >= ago(7d)\n| where ObjectName == \"Processor\" and CounterName == \"% Processor Time\"\n| summarize AvgCPU = avg(CounterValue) by Computer\n| where AvgCPU < 20\n| count;\nlet lowUsageStorage = AzureMetrics\n| where TimeGenerated >= ago(24h)\n| where MetricName == \"UsedCapacity\"\n| summarize AvgUsedCapacity = avg(Average) by ResourceId\n| where AvgUsedCapacity < 1073741824\n| count;\nlet untaggedResources = AzureActivity\n| where TimeGenerated >= ago(30d)\n| extend TagsJson = parse_json(Properties)\n| extend Environment = tostring(TagsJson.tags.Environment)\n| where isempty(Environment)\n| dcount(ResourceId);\nprint OpportunityType = \"Underutilized VMs\", Count = toscalar(underutilizedVMs), PotentialSavings = \"30-50%\"\n| union (print OpportunityType = \"Low-usage Storage\", Count = toscalar(lowUsageStorage), PotentialSavings = \"20-40%\")\n| union (print OpportunityType = \"Untagged Resources\", Count = toscalar(untaggedResources), PotentialSavings = \"Governance\")",
        "size": 0,
        "title": "Optimization Opportunities Summary",
        "timeContext": {
          "durationMs": 2592000000
        },
        "queryType": 0,
        "resourceType": "microsoft.operationalinsights/workspaces"
      },
      "customWidth": "50",
      "name": "query - 8"
    }
  ],
  "fallbackResourceIds": [
    "/subscriptions/{subscription-id}/resourceGroups/{resource-group}/providers/Microsoft.OperationalInsights/workspaces/{workspace-name}"
  ],
  "$schema": "https://github.com/Microsoft/Application-Insights-Workbooks/blob/master/schema/workbook.json"
}

