{
  "gcp_monitoring_config": {
    "project_id": "your-gcp-project-id",
    "billing_account_id": "your-billing-account-id",
    "billing_export_table": "your-project.billing_dataset.gcp_billing_export_v1_BILLING_ACCOUNT_ID",
    "region": "us-central1",
    "monitoring_namespace": "gcp_cost_optimization",
    "retention_days": 90,
    "collection_interval_minutes": 15
  },
  "cost_thresholds": {
    "daily_spend_alert": 1000,
    "monthly_budget_percentage": [50, 80, 95],
    "cost_anomaly_threshold": 25,
    "utilization_threshold": 75,
    "waste_threshold": 200
  },
  "project_budgets": {
    "development-project": {
      "monthly_budget": 1000,
      "alert_thresholds": [50, 80, 95],
      "auto_shutdown_enabled": true,
      "environment": "development"
    },
    "testing-project": {
      "monthly_budget": 2000,
      "alert_thresholds": [50, 80, 95],
      "auto_shutdown_enabled": true,
      "environment": "testing"
    },
    "staging-project": {
      "monthly_budget": 5000,
      "alert_thresholds": [50, 80, 95],
      "auto_shutdown_enabled": false,
      "environment": "staging"
    },
    "production-project": {
      "monthly_budget": 20000,
      "alert_thresholds": [50, 80, 95],
      "auto_shutdown_enabled": false,
      "environment": "production"
    }
  },
  "sustained_use_discounts": {
    "optimization_enabled": true,
    "target_utilization": 80,
    "minimum_observation_days": 7,
    "confidence_threshold": 0.8,
    "auto_optimization": false
  },
  "committed_use_discounts": {
    "analysis_enabled": true,
    "recommendation_threshold": 70,
    "commitment_terms": [1, 3],
    "auto_purchase": false,
    "approval_required": true
  },
  "preemptible_instances": {
    "recommendation_enabled": true,
    "fault_tolerance_assessment": true,
    "workload_suitability_check": true,
    "minimum_savings_threshold": 40,
    "excluded_environments": ["production"]
  },
  "bigquery_optimization": {
    "query_cost_analysis": true,
    "slot_optimization": true,
    "storage_optimization": true,
    "query_cache_optimization": true,
    "materialized_view_recommendations": true,
    "partitioning_clustering_analysis": true,
    "flat_rate_analysis": {
      "enabled": true,
      "threshold_tb_per_month": 100,
      "cost_comparison": true
    }
  },
  "storage_optimization": {
    "lifecycle_policy_analysis": true,
    "access_pattern_monitoring": true,
    "storage_class_recommendations": true,
    "duplicate_detection": true,
    "unused_storage_cleanup": true,
    "tier_transition_rules": {
      "standard_to_nearline_days": 30,
      "nearline_to_coldline_days": 90,
      "coldline_to_archive_days": 365
    }
  },
  "compute_optimization": {
    "rightsizing_analysis": true,
    "custom_machine_type_recommendations": true,
    "preemptible_vm_opportunities": true,
    "sustained_use_optimization": true,
    "idle_instance_detection": true,
    "utilization_thresholds": {
      "cpu_low": 20,
      "cpu_high": 80,
      "memory_low": 30,
      "memory_high": 85
    },
    "observation_period_days": 14
  },
  "governance_policies": {
    "tagging_enforcement": {
      "required_tags": [
        "Environment",
        "Owner",
        "CostCenter",
        "Application",
        "Project",
        "BusinessUnit"
      ],
      "compliance_threshold": 95,
      "auto_tagging_enabled": true
    },
    "resource_quotas": {
      "compute_instance_limits": {
        "development": 10,
        "testing": 20,
        "staging": 50,
        "production": 200
      },
      "storage_quota_gb": {
        "development": 1000,
        "testing": 5000,
        "staging": 10000,
        "production": 100000
      },
      "bigquery_slot_limits": {
        "development": 100,
        "testing": 500,
        "staging": 1000,
        "production": 5000
      }
    },
    "budget_enforcement": {
      "hard_limits_enabled": true,
      "approval_workflows": {
        "threshold_amount": 5000,
        "approvers": [
          "finops@company.com",
          "cloud-ops-lead@company.com"
        ]
      }
    }
  },
  "monitoring_dashboards": {
    "cost_overview": {
      "enabled": true,
      "refresh_interval_minutes": 15,
      "metrics": [
        "total_daily_cost",
        "cost_by_service",
        "cost_by_project",
        "budget_utilization",
        "cost_trends"
      ]
    },
    "optimization_opportunities": {
      "enabled": true,
      "refresh_interval_minutes": 60,
      "metrics": [
        "rightsizing_opportunities",
        "unused_resources",
        "commitment_recommendations",
        "storage_optimization",
        "bigquery_optimization"
      ]
    },
    "governance_compliance": {
      "enabled": true,
      "refresh_interval_minutes": 30,
      "metrics": [
        "tagging_compliance",
        "policy_compliance",
        "budget_compliance",
        "quota_utilization"
      ]
    }
  },
  "alerting": {
    "email_notifications": {
      "enabled": true,
      "smtp_server": "smtp.gmail.com",
      "smtp_port": 587,
      "username": "gcp-alerts@company.com",
      "password": "app_password_here",
      "sender": "gcp-alerts@company.com",
      "recipients": [
        "finops@company.com",
        "cloud-ops@company.com"
      ],
      "alert_types": [
        "cost_anomaly",
        "budget_threshold",
        "optimization_opportunity",
        "compliance_violation"
      ]
    },
    "slack_notifications": {
      "enabled": true,
      "webhook_url": "https://hooks.slack.com/services/YOUR/SLACK/WEBHOOK",
      "channel": "#finops-alerts",
      "alert_types": [
        "high_priority_alerts",
        "daily_summary"
      ],
      "mention_users": ["@finops-team"]
    },
    "servicenow_integration": {
      "enabled": false,
      "instance_url": "https://your-instance.service-now.com",
      "username": "integration_user",
      "password": "secure_password",
      "table_name": "incident",
      "assignment_group": "Cloud Operations",
      "auto_ticket_creation": true,
      "ticket_types": [
        "cost_anomaly",
        "compliance_violation",
        "optimization_opportunity"
      ]
    }
  },
  "automation": {
    "schedule": {
      "cost_monitoring": "*/15 * * * *",
      "optimization_analysis": "0 2 * * *",
      "compliance_check": "0 6 * * *",
      "reporting": "0 8 * * MON"
    },
    "auto_remediation": {
      "enabled": false,
      "approval_required": true,
      "actions": [
        "stop_unused_instances",
        "optimize_storage_tiers",
        "cleanup_orphaned_resources",
        "apply_lifecycle_policies"
      ],
      "safety_checks": true,
      "rollback_capability": true
    },
    "resource_lifecycle": {
      "auto_shutdown": {
        "enabled": true,
        "schedules": {
          "development": "0 18 * * 1-5",
          "testing": "0 20 * * 1-5"
        },
        "exclusions": ["production", "critical-staging"]
      },
      "auto_cleanup": {
        "enabled": true,
        "orphaned_resources": {
          "persistent_disks": 7,
          "static_ips": 3,
          "load_balancers": 1
        },
        "unused_resources": {
          "detection_period_days": 30,
          "utilization_threshold": 5
        }
      }
    }
  },
  "reporting": {
    "daily_reports": {
      "enabled": true,
      "recipients": ["finops@company.com"],
      "include_sections": [
        "cost_summary",
        "optimization_opportunities",
        "budget_status",
        "top_spending_resources"
      ]
    },
    "weekly_reports": {
      "enabled": true,
      "recipients": ["management@company.com"],
      "include_sections": [
        "cost_trends",
        "optimization_savings",
        "governance_compliance",
        "recommendations"
      ]
    },
    "monthly_reports": {
      "enabled": true,
      "recipients": ["executives@company.com"],
      "include_sections": [
        "executive_summary",
        "cost_optimization_roi",
        "strategic_recommendations",
        "budget_variance_analysis"
      ]
    }
  },
  "data_retention": {
    "metrics_retention_days": 90,
    "logs_retention_days": 30,
    "reports_retention_days": 365,
    "audit_trail_retention_days": 2555
  },
  "security": {
    "encryption_at_rest": true,
    "encryption_in_transit": true,
    "access_logging": true,
    "audit_trail": true,
    "role_based_access": true,
    "api_key_rotation_days": 90
  },
  "performance": {
    "parallel_processing": true,
    "max_concurrent_requests": 10,
    "request_timeout_seconds": 30,
    "retry_attempts": 3,
    "cache_enabled": true,
    "cache_ttl_minutes": 15
  },
  "multi_cloud_integration": {
    "enabled": false,
    "supported_providers": ["aws", "azure", "oci"],
    "unified_reporting": true,
    "cross_cloud_optimization": true
  },
  "custom_metrics": {
    "business_metrics": {
      "cost_per_customer": true,
      "cost_per_transaction": true,
      "cost_per_application": true
    },
    "efficiency_metrics": {
      "cost_per_compute_hour": true,
      "storage_efficiency": true,
      "network_efficiency": true
    }
  },
  "machine_learning": {
    "cost_prediction": {
      "enabled": true,
      "model_type": "time_series",
      "prediction_horizon_days": 30,
      "confidence_interval": 0.95
    },
    "anomaly_detection": {
      "enabled": true,
      "sensitivity": "medium",
      "algorithm": "isolation_forest",
      "training_period_days": 90
    },
    "optimization_recommendations": {
      "enabled": true,
      "ml_enhanced": true,
      "confidence_threshold": 0.8
    }
  }
}

