{
  "aws_optimization_config": {
    "version": "1.0",
    "last_updated": "2024-01-01",
    "environment": "production",
    
    "cost_thresholds": {
      "daily_alert": 1000,
      "weekly_alert": 5000,
      "monthly_alert": 20000,
      "quarterly_alert": 60000,
      "annual_alert": 240000,
      "anomaly_threshold": 20,
      "anomaly_score_threshold": 50,
      "budget_variance_threshold": 10
    },
    
    "optimization_targets": {
      "cost_reduction_target": 50,
      "utilization_target": 80,
      "reserved_instance_coverage": 70,
      "savings_plans_coverage": 60,
      "spot_instance_adoption": 40,
      "storage_optimization_target": 30
    },
    
    "optimization_settings": {
      "min_savings_threshold": 100,
      "confidence_threshold": 0.7,
      "implementation_priority": ["critical", "high", "medium", "low"],
      "risk_tolerance": "medium",
      "automation_level": "semi-automated",
      "approval_required_threshold": 1000,
      "rollback_enabled": true
    },
    
    "monitoring": {
      "enabled": true,
      "lookback_days": 30,
      "forecast_days": 30,
      "anomaly_detection_enabled": true,
      "real_time_monitoring": true,
      "check_interval": 3600,
      "detailed_monitoring": true,
      "performance_correlation": true
    },
    
    "notifications": {
      "slack_enabled": true,
      "servicenow_enabled": true,
      "email_enabled": true,
      "sms_enabled": false,
      "webhook_enabled": false,
      "daily_summary": true,
      "weekly_report": true,
      "monthly_report": true,
      "real_time_alerts": true
    },
    
    "slack": {
      "webhook_url": "https://hooks.slack.com/services/YOUR/SLACK/WEBHOOK",
      "channel": "#aws-cost-optimization",
      "username": "AWS Cost Monitor",
      "icon_emoji": ":money_with_wings:",
      "alert_threshold": 500,
      "daily_summary_time": "09:00",
      "weekly_summary_day": "monday",
      "mention_users": ["@channel"],
      "thread_replies": true
    },
    
    "servicenow": {
      "instance_url": "https://your-instance.service-now.com",
      "username": "your-username",
      "password": "your-password",
      "table": "change_request",
      "auto_approve_threshold": 1000,
      "priority_mapping": {
        "critical": "1 - Critical",
        "high": "2 - High",
        "medium": "3 - Moderate",
        "low": "4 - Low"
      },
      "category": "Cost Optimization",
      "assignment_group": "Cloud Operations"
    },
    
    "email": {
      "smtp_server": "smtp.company.com",
      "smtp_port": 587,
      "username": "aws-cost-monitor@company.com",
      "password": "your-email-password",
      "from_address": "aws-cost-monitor@company.com",
      "to_addresses": [
        "finops-team@company.com",
        "cloud-ops@company.com"
      ],
      "cc_addresses": [
        "management@company.com"
      ],
      "use_tls": true,
      "use_ssl": false
    },
    
    "aws_accounts": {
      "organization_enabled": true,
      "master_account_id": "123456789012",
      "accounts": [
        {
          "account_id": "123456789012",
          "account_name": "Production",
          "environment": "production",
          "cost_center": "Engineering",
          "owner": "engineering-team@company.com",
          "budget_limit": 10000,
          "optimization_priority": "high"
        },
        {
          "account_id": "123456789013",
          "account_name": "Staging",
          "environment": "staging",
          "cost_center": "Engineering",
          "owner": "engineering-team@company.com",
          "budget_limit": 3000,
          "optimization_priority": "medium"
        },
        {
          "account_id": "123456789014",
          "account_name": "Development",
          "environment": "development",
          "cost_center": "Engineering",
          "owner": "dev-team@company.com",
          "budget_limit": 1000,
          "optimization_priority": "low"
        }
      ]
    },
    
    "regions": {
      "primary_region": "us-east-1",
      "secondary_regions": ["us-west-2", "eu-west-1"],
      "excluded_regions": ["ap-northeast-3", "eu-north-1"],
      "region_cost_limits": {
        "us-east-1": 15000,
        "us-west-2": 8000,
        "eu-west-1": 5000
      }
    },
    
    "services": {
      "ec2": {
        "optimization_enabled": true,
        "right_sizing_enabled": true,
        "spot_instance_enabled": true,
        "reserved_instance_enabled": true,
        "scheduling_enabled": true,
        "min_utilization_threshold": 20,
        "max_utilization_threshold": 90,
        "excluded_instance_types": ["t1.micro", "m1.small"],
        "preferred_instance_families": ["m5", "c5", "r5", "t3"],
        "spot_instance_interruption_behavior": "terminate"
      },
      
      "rds": {
        "optimization_enabled": true,
        "right_sizing_enabled": true,
        "reserved_instance_enabled": true,
        "aurora_serverless_enabled": true,
        "storage_optimization_enabled": true,
        "backup_optimization_enabled": true,
        "min_utilization_threshold": 30,
        "max_utilization_threshold": 85
      },
      
      "s3": {
        "optimization_enabled": true,
        "lifecycle_policies_enabled": true,
        "intelligent_tiering_enabled": true,
        "storage_class_analysis_enabled": true,
        "transfer_acceleration_enabled": false,
        "cross_region_replication_optimization": true,
        "unused_bucket_cleanup": true,
        "incomplete_multipart_cleanup": true
      },
      
      "lambda": {
        "optimization_enabled": true,
        "memory_optimization_enabled": true,
        "timeout_optimization_enabled": true,
        "provisioned_concurrency_optimization": true,
        "dead_letter_queue_optimization": true,
        "min_memory": 128,
        "max_memory": 3008,
        "timeout_buffer": 10
      },
      
      "cloudwatch": {
        "optimization_enabled": true,
        "log_retention_optimization": true,
        "metric_optimization": true,
        "dashboard_optimization": true,
        "alarm_optimization": true,
        "default_log_retention_days": 30,
        "detailed_monitoring_optimization": true
      }
    },
    
    "tagging": {
      "enforcement_enabled": true,
      "required_tags": [
        "Environment",
        "Owner",
        "CostCenter",
        "Application",
        "Project",
        "BusinessUnit",
        "CreatedBy",
        "Purpose"
      ],
      "tag_compliance_threshold": 95,
      "auto_tagging_enabled": true,
      "tag_inheritance_enabled": true,
      "cost_allocation_tags": [
        "Environment",
        "CostCenter",
        "Application",
        "BusinessUnit"
      ]
    },
    
    "governance": {
      "policy_enforcement_enabled": true,
      "resource_quotas_enabled": true,
      "spending_limits_enabled": true,
      "approval_workflows_enabled": true,
      "compliance_monitoring_enabled": true,
      "audit_logging_enabled": true,
      "change_management_enabled": true,
      "risk_assessment_enabled": true
    },
    
    "automation": {
      "enabled": true,
      "dry_run_mode": false,
      "auto_approval_enabled": false,
      "rollback_enabled": true,
      "scheduling_enabled": true,
      "parallel_execution": true,
      "max_concurrent_operations": 10,
      "retry_attempts": 3,
      "retry_delay": 300,
      "timeout": 3600
    },
    
    "reporting": {
      "enabled": true,
      "formats": ["json", "html", "pdf", "csv"],
      "default_format": "html",
      "include_charts": true,
      "include_recommendations": true,
      "include_forecasts": true,
      "include_comparisons": true,
      "retention_days": 365,
      "compression_enabled": true,
      "encryption_enabled": true
    },
    
    "security": {
      "encryption_at_rest": true,
      "encryption_in_transit": true,
      "access_logging": true,
      "audit_trail": true,
      "least_privilege": true,
      "mfa_required": false,
      "ip_restrictions": [],
      "session_timeout": 3600,
      "password_policy_enforced": true
    },
    
    "integration": {
      "terraform_enabled": false,
      "ansible_enabled": false,
      "jenkins_enabled": false,
      "github_actions_enabled": false,
      "custom_webhooks": [],
      "api_enabled": true,
      "api_authentication": "api_key",
      "api_rate_limiting": true,
      "api_versioning": true
    },
    
    "machine_learning": {
      "enabled": true,
      "anomaly_detection": true,
      "predictive_scaling": true,
      "cost_forecasting": true,
      "recommendation_engine": true,
      "pattern_recognition": true,
      "model_training_enabled": true,
      "model_update_frequency": "weekly",
      "confidence_threshold": 0.8
    },
    
    "performance": {
      "monitoring_enabled": true,
      "correlation_analysis": true,
      "performance_cost_optimization": true,
      "sla_monitoring": true,
      "user_experience_tracking": false,
      "application_performance_monitoring": true,
      "infrastructure_monitoring": true,
      "network_monitoring": true
    },
    
    "backup_and_recovery": {
      "backup_enabled": true,
      "backup_frequency": "daily",
      "backup_retention": 30,
      "cross_region_backup": false,
      "disaster_recovery_enabled": true,
      "recovery_time_objective": 4,
      "recovery_point_objective": 1,
      "backup_encryption": true,
      "backup_compression": true
    },
    
    "compliance": {
      "frameworks": ["SOC2", "ISO27001", "GDPR"],
      "audit_enabled": true,
      "compliance_reporting": true,
      "data_retention_policies": true,
      "privacy_controls": true,
      "access_controls": true,
      "change_tracking": true,
      "evidence_collection": true
    },
    
    "cost_allocation": {
      "enabled": true,
      "chargeback_enabled": true,
      "showback_enabled": true,
      "allocation_method": "proportional",
      "shared_cost_allocation": true,
      "department_allocation": true,
      "project_allocation": true,
      "application_allocation": true
    },
    
    "forecasting": {
      "enabled": true,
      "forecast_horizon_days": 90,
      "forecast_accuracy_target": 85,
      "seasonal_adjustment": true,
      "trend_analysis": true,
      "scenario_planning": true,
      "budget_planning_integration": true,
      "capacity_planning_integration": true
    },
    
    "optimization_schedules": {
      "daily_optimization": {
        "enabled": true,
        "time": "02:00",
        "timezone": "UTC",
        "operations": ["cleanup", "right_sizing", "monitoring"]
      },
      "weekly_optimization": {
        "enabled": true,
        "day": "sunday",
        "time": "01:00",
        "timezone": "UTC",
        "operations": ["deep_analysis", "recommendations", "reporting"]
      },
      "monthly_optimization": {
        "enabled": true,
        "day": 1,
        "time": "00:00",
        "timezone": "UTC",
        "operations": ["comprehensive_review", "strategy_update", "budget_review"]
      }
    },
    
    "logging": {
      "level": "INFO",
      "format": "json",
      "rotation": "daily",
      "retention_days": 90,
      "compression": true,
      "remote_logging": true,
      "log_aggregation": true,
      "structured_logging": true,
      "correlation_ids": true
    },
    
    "testing": {
      "enabled": true,
      "dry_run_default": true,
      "test_environments": ["development", "staging"],
      "automated_testing": true,
      "regression_testing": true,
      "performance_testing": true,
      "load_testing": false,
      "chaos_engineering": false
    }
  }
}

